{
  "homepage": {
    "hero": {
      "title": "Welcome to BloxMania",
      "subtitle": "Your ultimate destination for gaming items and digital goods",
      "cta_text": "Shop Now",
      "cta_link": "/collections/all"
    },
    "featured_products": {
      "title": "Featured Products",
      "subtitle": "Handpicked items for the ultimate gaming experience",
      "view_all_text": "View All Products",
      "view_all_link": "/collections/all"
    },
    "trust_indicators": {
      "title": "Trusted by Gamers Worldwide",
      "subtitle": "Join thousands of satisfied customers",
      "indicators": [
        {
          "icon": "shield",
          "title": "100% Money Back Guarantee",
          "description": "Not satisfied? Get your money back, no questions asked."
        },
        {
          "icon": "support",
          "title": "24/7 Customer Support",
          "description": "Our support team is always here to help you."
        },
        {
          "icon": "security",
          "title": "Secure Payment Processing",
          "description": "Your payments are protected with bank-level security."
        }
      ]
    }
  },
  "header": {
    "navigation": {
      "home": "Home",
      "products": "Products",
      "collections": "Collections",
      "about": "About",
      "contact": "Contact"
    },
    "search": {
      "placeholder": "Search for gaming items...",
      "no_results": "No products found"
    }
  },
  "footer": {
    "company": {
      "description": "BloxMania is your trusted source for premium gaming items and digital goods. We offer the best prices, fastest delivery, and exceptional customer service.",
      "copyright": "© 2024 BloxMania. All rights reserved."
    },
    "newsletter": {
      "title": "Stay Updated",
      "subtitle": "Get the latest gaming news and exclusive offers",
      "placeholder": "Enter your email address",
      "button_text": "Subscribe",
      "success_message": "Thanks for subscribing!",
      "error_message": "Please enter a valid email address."
    },
    "links": {
      "quick_links": {
        "title": "Quick Links",
        "items": [
          { "text": "About Us", "url": "/pages/about" },
          { "text": "Contact", "url": "/pages/contact" },
          { "text": "FAQ", "url": "/pages/faq" },
          { "text": "Shipping", "url": "/pages/shipping" }
        ]
      },
      "support": {
        "title": "Support",
        "items": [
          { "text": "Help Center", "url": "/pages/help" },
          { "text": "Returns", "url": "/pages/returns" },
          { "text": "Privacy Policy", "url": "/pages/privacy" },
          { "text": "Terms of Service", "url": "/pages/terms" }
        ]
      }
    }
  },
  "product": {
    "add_to_cart": "Add to Cart",
    "out_of_stock": "Out of Stock",
    "low_stock": "Only {{count}} left!",
    "free_shipping": "Free Shipping",
    "money_back": "30-Day Money Back Guarantee",
    "secure_checkout": "Secure Checkout",
    "related_products": "You might also like",
    "reviews": {
      "title": "Customer Reviews",
      "no_reviews": "No reviews yet",
      "write_review": "Write a Review"
    }
  },
  "cart": {
    "title": "Shopping Cart",
    "empty_message": "Your cart is empty",
    "subtotal": "Subtotal",
    "shipping": "Shipping",
    "tax": "Tax",
    "total": "Total",
    "checkout": "Proceed to Checkout",
    "continue_shopping": "Continue Shopping",
    "remove": "Remove"
  },
  "checkout": {
    "title": "Checkout",
    "billing_address": "Billing Address",
    "shipping_address": "Shipping Address",
    "payment": "Payment",
    "order_summary": "Order Summary",
    "place_order": "Place Order",
    "secure_message": "Your payment information is secure"
  },
  "account": {
    "login": "Login",
    "register": "Register",
    "logout": "Logout",
    "my_account": "My Account",
    "orders": "My Orders",
    "wishlist": "Wishlist",
    "addresses": "Addresses"
  },
  "errors": {
    "404": {
      "title": "Page Not Found",
      "message": "The page you're looking for doesn't exist.",
      "back_home": "Back to Home"
    },
    "500": {
      "title": "Server Error",
      "message": "Something went wrong. Please try again later.",
      "back_home": "Back to Home"
    }
  },
  "notifications": {
    "product_added": "Product added to cart!",
    "product_removed": "Product removed from cart",
    "cart_updated": "Cart updated",
    "newsletter_success": "Successfully subscribed to newsletter!",
    "newsletter_error": "Please enter a valid email address"
  }
}