{
  "current": {
    "colors_accent_1": "#ffd800",
    "colors_accent_2": "#4791f0",
    "colors_background_1": "#181926",
    "colors_background_2": "#23243a",
    "colors_outline_button_labels": "#ffd800",
    "colors_solid_button_labels": "#000000",
    "colors_text": "#ffffff",
    "gradient_background_1": "",
    "gradient_background_2": "",
    "gradient_accent_1": "",
    "gradient_accent_2": "",
    "type_body_font": "inter_n4",
    "type_heading_font": "assistant_n4",
    "body_scale": 100,
    "heading_scale": 100,
    "page_width": "1200",
    "media_padding": 0,
    "media_border_opacity": 5,
    "media_border_thickness": 1,
    "media_radius": 16,
    "media_shadow_opacity": 0,
    "media_shadow_horizontal_offset": 0,
    "media_shadow_vertical_offset": 4,
    "media_shadow_blur": 5,
    "card_image_padding": 0,
    "card_corner_radius": 16,
    "card_text_alignment": "left",
    "card_border_thickness": 1,
    "card_border_opacity": 5,
    "card_shadow_opacity": 10,
    "card_shadow_horizontal_offset": 0,
    "card_shadow_vertical_offset": 4,
    "card_shadow_blur": 5,
    "badge_corner_radius": 40,
    "popup_border_thickness": 1,
    "popup_border_opacity": 10,
    "popup_corner_radius": 8,
    "popup_shadow_opacity": 5,
    "popup_shadow_horizontal_offset": 0,
    "popup_shadow_vertical_offset": 4,
    "popup_shadow_blur": 5,
    "drawer_border_thickness": 1,
    "drawer_border_opacity": 10,
    "drawer_shadow_opacity": 0,
    "drawer_shadow_horizontal_offset": 0,
    "drawer_shadow_vertical_offset": 4,
    "drawer_shadow_blur": 5,
    "spacing_sections": 52,
    "spacing_grid_vertical": 32,
    "spacing_grid_horizontal": 32,
    "text_boxes_border_opacity": 10,
    "text_boxes_border_thickness": 1,
    "text_boxes_radius": 8,
    "text_boxes_shadow_opacity": 0,
    "text_boxes_shadow_horizontal_offset": 0,
    "text_boxes_shadow_vertical_offset": 4,
    "text_boxes_shadow_blur": 5,
    "buttons_radius": 50,
    "buttons_border_thickness": 1,
    "buttons_border_opacity": 0,
    "buttons_shadow_opacity": 10,
    "buttons_shadow_horizontal_offset": 0,
    "buttons_shadow_vertical_offset": 4,
    "buttons_shadow_blur": 5,
    "inputs_radius": 8,
    "inputs_border_thickness": 1,
    "inputs_border_opacity": 55,
    "inputs_shadow_opacity": 0,
    "inputs_shadow_horizontal_offset": 0,
    "inputs_shadow_vertical_offset": 4,
    "inputs_shadow_blur": 5,
    "variant_pills_radius": 40,
    "variant_pills_border_thickness": 1,
    "variant_pills_border_opacity": 55,
    "variant_pills_shadow_opacity": 0,
    "variant_pills_shadow_horizontal_offset": 0,
    "variant_pills_shadow_vertical_offset": 4,
    "variant_pills_shadow_blur": 5,
    "predictive_search_enabled": false,
    "cart_type": "notification",
    "sections": {
      "header": {
        "type": "header",
        "settings": {
          "logo": "",
          "discord_url": "https://discord.gg/bloxmania"
        }
      },
      "hero": {
        "type": "hero",
        "settings": {
          "background_image": "",
          "title": "Instantly Buy Your Favorite Items - Fast, Safe, and Easy!",
          "subtitle": "BloxMania is the fastest, cheapest, and safest shop for digital goods, with instant delivery. Our automated system ensures you receive your items securely and swiftly!",
          "cta_text": "SHOP NOW",
          "cta_link": "/collections/all"
        }
      },
      "supported_games": {
        "type": "supported-games",
        "settings": {
          "title": "Supported Titles"
        }
      },
      "featured_products": {
        "type": "featured-products",
        "settings": {
          "collection": "",
          "products_to_show": 6,
          "view_all_link": "/collections/all"
        }
      },
      "customer_reviews": {
        "type": "customer-reviews",
        "settings": {
          "title": "Customer Reviews & Ratings",
          "subtitle": "Trusted by over 10,000 Happy Customers"
        }
      },
      "why_choose_us": {
        "type": "why-choose-us",
        "settings": {
          "title": "Why Choose BloxMania?"
        }
      },
      "faq": {
        "type": "faq",
        "settings": {
          "title": "Frequently Asked Questions"
        }
      },
      "footer": {
        "type": "footer",
        "settings": {
          "company_description": "The fastest, cheapest, and safest shop for digital goods, with instant delivery and automated systems ensuring secure and swift transactions.",
          "discord_url": "https://discord.gg/bloxmania",
          "youtube_url": "https://youtube.com/@bloxmania",
          "twitter_url": "https://twitter.com/bloxmania",
          "contact_email": "support@bloxmania.store",
          "contact_phone": "+1 (555) 123-4567",
          "show_powered_by": true
        }
      }
    },
    "content_for_index": [
      "hero",
      "supported_games",
      "featured_products",
      "customer_reviews",
      "why_choose_us",
      "faq"
    ]
  }
}